Country,gdp_total_usd_billion_cleaned,GDP_total_Year,GDP_per_capita_nominal_cleaned,GDP_per_capita_ppp_cleaned,GDP_growth_rate_cleaned,Inflation_rate_cleaned,Unemployment_rate_cleaned,Exports_Cleaned_Billion,Imports_Cleaned_Billion,Gov_Debt_Percent_GDP_Cleaned,Gov_Debt_Absolute_Billion_Cleaned,clean_currency,Links,Trade_Balance,Trade_Openness,GDP_Capita_Ratio,Debt_to_Income,Import_Export_Ratio,Is_Eurozone,Is_USD_Pegged,gdp_total_usd_billion_cleaned_log,GDP_per_capita_nominal_cleaned_log,GDP_per_capita_ppp_cleaned_log,Exports_Cleaned_Billion_log,Imports_Cleaned_Billion_log,Gov_Debt_Absolute_Billion_Cleaned_log,cluster,economic_class
United States,30507.22,2024,89105.0,89105.0,2.0,2.7,4.3,3232.0,4136.0,63.9,35294.0,United States dollar (USD),https://en.wikipedia.org/wiki/GDP_of_the_United_States,-4.572750000000001,32.12459620397893,0.61993269397237,0.0013579484877391842,1.2797029702970297,0,1,10.325751434481415,11.397581951259,11.397581951259,8.081165777725433,8.327726166461412,10.471496589829572,2,Developed
China,19231.71,2024,13688.0,28978.0,4.0,2.7,5.2,3577.0,2586.0,63.9,103987.0,Renminbi (CNY),https://en.wikipedia.org/wiki/GDP_of_China,5.345000000000003,32.12459620397893,0.47235834081026984,0.0028607909448547177,0.8899957933786953,0,0,9.864367754290766,9.524347869595513,10.274326708723063,8.182559264068665,7.8582541821860294,11.552030786850809,2,Developing (Upper)
Germany,4744.8,2024,55910.0,72600.0,2.0,2.7,6.0,1660.0,1400.0,63.6,2600.0,Euro (EUR),https://en.wikipedia.org/wiki/Economy_of_Germany,5.345000000000003,64.4916540212443,0.61993269397237,0.001059967567033665,0.8899957933786953,1,0,8.465015295357658,10.931516419748775,11.192733974822708,7.415175109613295,7.244941546337007,7.8636512654486515,1,Developed
India,4187.02,2024,2878.0,12132.0,4.0775,2.7,7.6,824.9,915.19,63.9,320782.0,Indian rupee (INR),https://en.wikipedia.org/wiki/GDP_of_India,-4.572750000000001,41.559151855018605,0.33373301294282776,0.006627101879327399,1.1094556915989817,0,0,8.339983347528213,7.965198290612176,9.403684292051873,6.716473700816671,6.820223766745619,12.67852016105164,0,Developing (Lower)
Japan,4186.43,2024,33956.0,54678.0,2.0,3.59,2.6,691.0,721.1,63.9,1457000.0,Japanese yen (JPY),https://en.wikipedia.org/wiki/Economy_of_Japan,-4.572750000000001,33.73040991966902,0.61993269397237,0.0048264384213029,1.0435600578871203,0,0,8.33984245957569,10.43285029730053,10.90923500244827,6.539585955617669,6.582163633457136,14.191890771518905,1,Developed
United Kingdom,3839.18,2024,54950.0,63660.0,2.0,3.6,4.4,837.7,865.7,63.9,2686.0,Pound sterling (GBP),https://en.wikipedia.org/wiki/GDP_of_the_United_Kingdom,-4.572750000000001,44.368849598091266,0.61993269397237,0.0015080113100848257,1.0334248537662647,0,0,8.253274519483174,10.914197158028326,11.061327409163853,6.731853073990366,6.764692896140299,7.8961806086154915,1,Developed
France,3211.29,2024,46792.0,65626.0,2.0,2.7,7.0,1050.0,803.6,63.9,2813.0,Euro (EUR),https://en.wikipedia.org/wiki/Economy_of_France,5.345000000000003,57.72135185548487,0.61993269397237,0.0017157833785389936,0.8899957933786953,1,0,8.07473935741698,10.753488898069062,11.091742475620011,6.957497370876951,6.690345259515688,7.942362237674335,1,Developed
Italy,2422.86,2024,41710.0,62600.0,2.0,3.99,6.0,777.594,591.0,63.9,2410.0,Euro (EUR),https://en.wikipedia.org/wiki/Economy_of_Italy,5.345000000000003,56.48671404868626,0.61993269397237,0.00215335463258786,0.8899957933786953,1,0,7.793116589745699,10.638520161969526,11.044536531401494,6.657489729007438,6.3835066348840055,7.787796878181171,1,Developed
Canada,2225.34,2024,53560.0,65710.0,2.0,2.7,7.1,727.8,733.7,49.15,66.02,Canadian dollar (CAD),https://en.wikipedia.org/wiki/Economy_of_Canada,-4.572750000000001,65.67535747346473,0.61993269397237,0.001059967567033665,1.0081066226985438,0,0,7.708114260513291,10.888576470280553,11.093021618159923,6.5913993459457485,6.599462252626232,4.2049910823091645,1,Developed
Brazil,2125.96,2024,9960.0,23241.0,2.0,3.59,5.6,337.04,262.86,49.15,66.02,Brazilian real (BRL),https://en.wikipedia.org/wiki/Economy_of_Brazil,5.345000000000003,32.12459620397893,0.4285529882535175,0.002114797125769115,0.8899957933786953,0,0,7.662449009193598,9.206432747145165,10.05371626578282,5.823164231676282,5.5754186594556305,4.2049910823091645,3,Developing (Upper)
Russia,2076.4,2024,14260.0,49380.0,2.0,3.99,2.6,465.43,378.61,38.3975,66.02,Russian ruble (RUB),https://en.wikipedia.org/wiki/Economy_of_Russia,5.345000000000003,40.6492005393951,0.33373301294282776,0.001059967567033665,0.8899957933786953,0,0,7.638872390793711,9.565283817736766,10.80732101380793,6.145107955437664,5.939144409908282,4.2049910823091645,3,Developed
Spain,1799.51,2024,36192.0,56555.0,2.5,2.7,10.29,616.0,552.0,63.9,1810.0,Euro (EUR),https://en.wikipedia.org/wiki/GDP_of_Spain,5.345000000000003,64.90655789631622,0.61993269397237,0.0017787993988153123,0.8961038961038961,1,0,7.49582523708628,10.496621008949695,10.942986576711732,6.424869023905388,6.315358001522335,7.501634457883413,1,Developed
South Korea,1790.32,2024,34640.0,65110.0,2.0,2.7,6.0,683.7,632.1,39.8,66.02,South Korean won (KRW),https://en.wikipedia.org/wiki/Economy_of_South_Korea,5.345000000000003,73.49524107422138,0.5320227307633236,0.001059967567033665,0.9245283018867925,0,0,7.490708057234371,10.452793230619966,11.083848784736833,6.5289807861270175,6.450628387550081,4.2049910823091645,1,Developed
Australia,1771.68,2024,64547.0,72138.0,2.0,2.7,4.2,644.4,614.1,63.9,66.02,Australian Dollar (AUD),https://en.wikipedia.org/wiki/Economy_of_Australia,5.345000000000003,71.03427255486318,0.61993269397237,0.001059967567033665,0.9529795158286779,0,0,7.480247804731239,11.075164412061243,11.186350092426327,6.4698702796178615,6.421784856214322,4.2049910823091645,1,Developed
Mexico,1692.64,2024,12690.0,25460.0,2.0,3.59,2.5,680.79,697.06,54.3,66.02,Mexican peso (MXN),https://en.wikipedia.org/wiki/GDP_of_Mexico,-4.572750000000001,79.94575223049205,0.49842890809112333,0.0021327572663000787,1.0238987059151867,0,0,7.43463533786957,9.448648359810164,10.144903148637786,6.524721692538452,6.54830505895342,4.2049910823091645,3,Developing (Upper)
Turkey,1437.41,2024,16709.0,42451.0,2.7,3.99,8.5,261.9,344.1,38.3975,66.02,Turkish lira (TRY),https://en.wikipedia.org/wiki/Economy_of_Turkey,-4.572750000000001,42.15916126922729,0.3936067466019646,0.001059967567033665,1.3138602520045821,0,0,7.271293615862266,9.72376262158944,10.656129304881713,5.571773731735836,5.843834230103957,4.2049910823091645,3,Developed
Indonesia,1429.74,2024,5030.0,17610.0,4.0775,2.7,4.82,298.2,268.3,38.6,66.02,Rupiah (IDR),https://en.wikipedia.org/wiki/Economy_of_Indonesia,5.345000000000003,39.62258872242506,0.33373301294282776,0.0021919363997728565,0.8997317236753857,0,0,7.265947071923532,8.523374050491318,9.776278985795086,5.7011122461003225,5.595825999817554,4.2049910823091645,3,Developing (Upper)
Netherlands,1272.01,2024,70480.0,84570.0,2.0,2.7,6.0,610.0,710.0,48.6,394.63,Euro (EUR),https://en.wikipedia.org/wiki/Economy_of_the_Netherlands,-4.572750000000001,79.94575223049205,0.61993269397237,0.001059967567033665,1.1639344262295082,1,0,7.149139453986097,11.163098448931654,11.345346697230422,6.415096959171596,6.566672429803241,5.980479431049226,1,Developed
Saudi Arabia,1083.75,2024,33291.0,65880.0,4.0775,2.7,4.88,370.974,291.565,38.3975,66.02,Saudi Riyal,https://en.wikipedia.org/wiki/Economy_of_Saudi_Arabia,5.345000000000003,61.133933102652826,0.5053278688524591,0.001059967567033665,0.8899957933786953,0,0,6.98910482467846,10.413072406865986,11.095605363289915,5.918823959357436,5.6786868642064325,4.2049910823091645,3,Developed
Poland,979.96,2024,26810.0,55190.0,3.2,3.99,6.0,469.3,419.701,49.6,1700.0,Polish złoty (PLN),https://en.wikipedia.org/wiki/Economy_of_Poland,5.345000000000003,79.94575223049205,0.4857764087697047,0.001059967567033665,0.8943128063072662,0,0,6.888531684014378,10.196567530049501,10.918555175493893,6.153370788951002,6.04192236758438,7.438971592395862,3,Developed
Switzerland,947.12,2024,104896.0,97580.0,2.0,2.7,1.9,468.7,291.1,41.8,66.02,Swiss franc (CHF),https://en.wikipedia.org/wiki/Economy_of_Switzerland,5.345000000000003,79.94575223049205,0.61993269397237,0.001059967567033665,0.8899957933786953,0,0,6.854481076522642,11.560734195310044,11.488438081318957,6.15209419303295,5.677096209393695,4.2049910823091645,1,Developed
Taiwan,804.89,2024,34920.0,82610.0,3.1,2.7,3.35,475.0,394.0,38.3975,66.02,New Taiwan dollar (TWD),https://en.wikipedia.org/wiki/Economy_of_Taiwan,5.345000000000003,79.94575223049205,0.422709115119235,0.001059967567033665,0.8899957933786953,0,0,6.691947256766074,10.460843646427818,11.32189812255531,6.16541785423142,5.978885764901122,4.2049910823091645,1,Developed
Belgium,684.86,2024,58256.0,75199.0,2.0,3.6,6.0,432.0,472.0,63.9,467.16,Euro (EUR),https://en.wikipedia.org/wiki/Economy_of_Belgium,-4.572750000000001,79.94575223049205,0.61993269397237,0.0013111876487719252,1.0925925925925926,1,0,6.530673525265742,10.97261953588173,11.227906509937931,6.07073772800249,6.159095388491933,6.14881011783176,1,Developed
Argentina,683.53,2024,14362.0,31380.0,4.0775,3.99,6.3,79.72,60.82,63.9,66.02,Argentine peso (ARS),https://en.wikipedia.org/wiki/GDP_of_Argentina,5.345000000000003,32.12459620397893,0.4576800509878904,0.0023295092415551305,0.8899957933786953,0,0,6.528732471379497,9.572410734431823,10.353957893210753,4.390986376045354,4.124226936703971,4.2049910823091645,3,Developed
Sweden,620.3,2024,58100.0,74900.0,2.0,2.7,8.4,170.0,155.0,38.3975,1765.0,Swedish krona (SEK),https://en.wikipedia.org/wiki/Economy_of_Sweden,5.345000000000003,52.3940029018217,0.61993269397237,0.001059967567033665,0.9117647058823529,0,0,6.431814057069648,10.969938154395841,11.223922520551032,5.14166355650266,5.049856007249537,7.476472381163905,1,Developed
Ireland,598.84,2024,107243.0,133550.0,2.3,2.7,4.2,208.208,140.199,44.7,224.8,Euro (EUR),https://en.wikipedia.org/wiki/Economy_of_the_Republic_of_Ireland,5.345000000000003,58.18031527620066,0.61993269397237,0.001059967567033665,0.8899957933786953,1,0,6.396662952987602,11.582861891169392,11.802238706342346,5.3433289723773845,4.9501702428810885,5.419649651715562,1,Developed
Israel,583.36,2024,57760.0,56440.0,2.0,2.7,6.0,166.0,108.26,59.8,66.02,Israeli new shekel (ILS),https://en.wikipedia.org/wiki/Economy_of_Israel,5.345000000000003,47.01385079539221,0.61993269397237,0.001059967567033665,0.8899957933786953,0,0,6.370517231264313,10.96406908643623,10.940951123740335,5.117993812416755,4.693730362967572,4.2049910823091645,1,Developed
Singapore,564.77,2024,92930.0,156760.0,2.0,2.7,1.8,942.0,870.0,63.9,66.02,Singapore dollar (SGD),https://en.wikipedia.org/wiki/Economy_of_Singapore,5.345000000000003,79.94575223049205,0.5928170451645828,0.0010704261291145701,0.9235668789808917,0,0,6.338187635192384,11.439612561281178,11.962477631471582,6.849066282633458,6.769641976852503,4.2049910823091645,1,Developed
United Arab Emirates,548.6,2024,51290.0,82000.0,4.01,2.7,6.0,306.41,229.2,38.3975,66.02,Emirati dirham (AED),https://en.wikipedia.org/wiki/Economy_of_the_United_Arab_Emirates,5.345000000000003,79.94575223049205,0.61993269397237,0.001059967567033665,0.8899957933786953,0,0,6.309190740908139,10.845270577171219,11.314486721293981,5.728182361479736,5.438948496287782,4.2049910823091645,1,Developed
Thailand,546.22,2024,7770.0,26320.0,2.0,3.99,6.0,300.52,306.8,63.32,66.02,Thai baht (THB),https://en.wikipedia.org/wiki/Economy_of_Thailand,-4.572750000000001,79.94575223049205,0.33373301294282776,0.002405775075987842,1.0208971116731,0,0,6.304850915348019,8.958154135209242,10.178122378638475,5.70883634895888,5.729450221404779,4.2049910823091645,3,Developing (Upper)
Austria,534.3,2024,61080.0,74981.0,2.0,3.9,6.0,156.7,158.1,63.9,280.43,Euro (EUR),https://en.wikipedia.org/wiki/Economy_of_Austria,-1.4000000000000057,58.918210743028254,0.61993269397237,0.001059967567033665,1.0089342693044034,1,0,6.282827337399335,11.019956131169735,11.225003363713839,5.060694493968993,5.069532935343741,5.639883748805969,1,Developed
Norway,504.28,2024,90320.0,107892.0,2.0,3.3,3.9,102.8,95.06,38.3975,66.02,,https://en.wikipedia.org/wiki/Economy_of_Norway,5.345000000000003,39.236138653129224,0.61993269397237,0.001059967567033665,0.9247081712062257,0,0,6.225112731067277,11.41112527050716,11.588895274257608,4.642465970731788,4.564972996236678,4.2049910823091645,1,Developed
Philippines,497.5,2024,4350.0,12935.0,4.0775,2.7,6.0,116.52,159.29,60.7,16050.0,Philippine peso (PHP),https://en.wikipedia.org/wiki/Economy_of_the_Philippines,-4.572750000000001,55.4391959798995,0.33629686896018557,0.004692694240432934,1.3670614486783386,0,0,6.211603589401893,8.37816098272068,9.467769401256943,4.7666085318656215,5.07698467463779,9.683526431913219,0,Developing (Lower)
Vietnam,490.97,2024,4806.0,17484.0,4.0775,3.45,6.0,405.5,380.8,38.3975,66.02,Vietnamese đồng (VND),https://en.wikipedia.org/wiki/Economy_of_Vietnam,5.345000000000003,79.94575223049205,0.33373301294282776,0.0021162205444978264,0.9390875462392109,0,0,6.198417739023464,8.47782846789396,9.769098649497476,6.007583928987866,5.944896911291647,4.2049910823091645,3,Developing (Upper)
Bangladesh,467.22,2024,2690.0,10270.0,3.8,3.99,3.53,60.5,70.1,40.7,66.02,Bangladeshi taka (BDT),https://en.wikipedia.org/wiki/Economy_of_Bangladesh,-4.572750000000001,32.12459620397893,0.33373301294282776,0.003962999026290165,1.158677685950413,0,0,6.148938270932172,7.897668150726906,9.237079669165805,4.119037174812473,4.264087336809195,4.2049910823091645,0,Developing (Lower)
Denmark,449.94,2024,71978.0,85791.0,2.5,2.7,6.0,234.2,208.1,38.3975,770.83,Danish krone (DKK),https://en.wikipedia.org/wiki/Economy_of_Denmark,5.345000000000003,79.94575223049205,0.61993269397237,0.001059967567033665,0.8899957933786953,0,0,6.111334292958366,11.18412968878853,11.359681041035685,5.460436216024472,5.342812606434588,6.648764318521713,1,Developed
Malaysia,444.98,2024,14170.0,43437.0,4.0775,2.7,2.925,340.0,300.0,63.9,66.02,Ringgit (MYR),https://en.wikipedia.org/wiki/Economy_of_Malaysia,5.345000000000003,79.94575223049205,0.33373301294282776,0.001539240739461749,0.8899957933786953,0,0,6.100274107965257,9.55895290182487,10.679089913032266,5.831882477283517,5.707110264748875,4.2049910823091645,3,Developed
Colombia,427.77,2024,8050.0,22420.0,4.0775,3.99,9.6,68.273,76.23,49.4,66.02,Colombian peso (COP),https://en.wikipedia.org/wiki/Economy_of_Colombia,-4.572750000000001,33.78053626949061,0.35905441570026764,0.0022033898305084745,1.1165468047397948,0,0,6.060920644622522,8.993551586299981,10.017753298664472,4.2380552198884,4.346787982581173,4.2049910823091645,0,Developing (Upper)
Hong Kong,424.0,2024,56030.0,77940.0,2.0,3.59,6.0,582.1,630.8,38.3975,66.02,Hong Kong dollar (HKD),https://en.wikipedia.org/wiki/Economy_of_Hong_Kong,-4.572750000000001,79.94575223049205,0.61993269397237,0.001059967567033665,1.0836626009276755,0,0,6.052089168924417,10.933660387981718,11.263707409192737,6.368358698228111,6.448572888367985,4.2049910823091645,1,Developed
South Africa,410.34,2024,6400.0,15990.0,2.0,2.7,6.0,154.0,103.0,63.9,66.02,South African rand (ZAR),https://en.wikipedia.org/wiki/Economy_of_South_Africa,5.345000000000003,62.63098893600429,0.4002501563477173,0.004840525328330207,0.8899957933786953,0,0,6.019420123121313,8.764209507142004,9.679781342959442,5.043425116919247,4.6443908991413725,4.2049910823091645,3,Developing (Upper)
Romania,403.4,2024,21570.0,49940.0,2.8,3.99,5.38,137.34,154.12,53.0,614.3,Leu (RON),https://en.wikipedia.org/wiki/GDP_of_Romania,-4.572750000000001,72.25086762518593,0.4319183019623548,0.0010612735282338806,1.1221785350225717,0,0,6.0024044871463165,9.979105098994717,10.81859758766212,4.929714423172439,5.044199010934396,6.422109953746444,3,Developed
Czech Republic,360.24,2024,33040.0,59368.0,2.4,2.7,6.0,241.69,236.32,38.3975,1739.0,Czech koruna (CZK),https://en.wikipedia.org/wiki/Economy_of_the_Czech_Republic,5.345000000000003,79.94575223049205,0.5565287697075866,0.001059967567033665,0.9777814555835989,0,0,5.889542557382598,10.405504493520723,10.991527483599203,5.491784908752245,5.469409441390442,7.461640392208575,1,Developed
Egypt,347.34,2024,3174.0,21668.0,3.8,3.99,6.3,51.1,88.2,63.9,66.02,Egyptian pound (ISO),https://en.wikipedia.org/wiki/Economy_of_Egypt,-4.572750000000001,40.104796453043136,0.33373301294282776,0.004015137529998154,1.726027397260274,0,0,5.853179014303639,8.063062911326792,9.983637946718957,3.9531649487593215,4.490881039585964,4.2049910823091645,0,Developing (Upper)
Chile,343.82,2024,17020.0,35150.0,2.0,3.59,6.0,104.5,100.0,43.8,66.02,Chilean peso (CLP),https://en.wikipedia.org/wiki/Economy_of_Chile,4.5,59.47879704496539,0.4842105263157895,0.0012460881934566145,0.9569377990430622,0,0,5.843022541747705,9.742203154807973,10.467408346336265,4.658710952916121,4.61512051684126,4.2049910823091645,3,Developed
Iran,341.01,2024,3900.0,19960.0,2.0,3.99,6.0,107.43,54.46,38.3975,34091132.0,Iranian rial (IRR),https://en.wikipedia.org/wiki/Economy_of_Iran,5.345000000000003,47.473681123720716,0.33373301294282776,0.0017120240480961923,0.8899957933786953,0,0,5.834839976401214,8.268988209506656,9.901535648810883,4.68610480348409,4.015662040187632,17.344547879114746,3,Developing (Upper)
Portugal,321.44,2024,30002.0,50037.0,2.0,2.8,5.9,132.555,127.37,63.9,270.72,Euro (EUR),https://en.wikipedia.org/wiki/Economy_of_Portugal,5.185000000000002,79.94575223049205,0.5995962987389332,0.0018965965185762537,0.9608841612915393,1,0,5.7759170724154005,10.309052655644626,10.820537995756526,4.894513378016505,4.854916719096835,5.604772124323102,1,Developed
Finland,303.94,2024,54160.0,66500.0,2.0,3.59,9.2,98.47,97.88,63.9,142.51,Euro (EUR),https://en.wikipedia.org/wiki/Economy_of_Finland,0.5900000000000034,64.60156609857208,0.61993269397237,0.007171712686024864,0.9940083274093632,1,0,5.720115035943761,10.899716371226633,11.104972264124868,4.599856091164322,4.59390699370938,4.96640471918284,1,Developed
Peru,303.29,2024,8810.0,18690.0,2.8,2.7,6.0,44.92,43.13,38.3975,66.02,Peruvian sol (PEN),https://en.wikipedia.org/wiki/Economy_of_Peru,1.7899999999999991,32.12459620397893,0.47137506688068487,0.001359015516318887,0.9601513802315227,0,0,5.717981194056014,9.08375621986673,9.835797403566177,3.826900752011311,3.7871398232814557,4.2049910823091645,3,Developing (Upper)
Kazakhstan,300.54,2024,14768.0,44446.0,4.0775,3.99,6.0,78.7,61.2,38.3975,66.02,Tenge (KZT),https://en.wikipedia.org/wiki/Economy_of_Kazakhstan,5.345000000000003,46.549544153856395,0.33373301294282776,0.001059967567033665,0.8899957933786953,0,0,5.708902677350773,9.600285668426311,10.702052747100838,4.378269585796169,4.130354999745133,4.2049910823091645,3,Developed
Algeria,268.88,2024,5690.0,18530.0,3.5,3.8,9.7,60.38,43.5,55.1,66.02,Algerian dinar (DZD),https://en.wikipedia.org/wiki/Economy_of_Algeria,5.345000000000003,38.63433501933948,0.33373301294282776,0.0029735563950350785,0.8899957933786953,0,0,5.597977415759225,8.646641258603124,9.82720028436401,4.1170840491915905,3.7954891891721947,4.2049910823091645,3,Developing (Upper)
Greece,267.35,2024,25756.0,45048.0,2.0,2.7,9.4,49.961,85.022,63.9,364.88,Euro (EUR),https://en.wikipedia.org/wiki/Economy_of_Greece,-4.572750000000001,50.48924630633999,0.5717456934825076,0.0034096963239211506,1.7017673785552734,1,0,5.592292098622838,10.156461713809012,10.715506065231846,3.931060634305284,4.454603077492186,5.902305410788164,1,Developed
Iraq,258.02,2024,5668.0,15178.0,4.0775,3.2,13.0,127.079,69.162,45.9,66.02,Dinar (IQD),https://en.wikipedia.org/wiki/Economy_of_Iraq,5.345000000000003,76.05650724750019,0.3734352352088549,0.003024113848991962,0.8899957933786953,0,0,5.556905278795441,8.642768014324304,9.627668172626858,4.852647261037743,4.250806853929011,4.2049910823091645,3,Developing (Upper)
New Zealand,248.67,2024,46130.0,55450.0,2.0,2.7,6.0,72.8,88.8,38.3975,66.02,New Zealand dollar (NZD),https://en.wikipedia.org/wiki/Economy_of_New_Zealand,-4.572750000000001,64.98572405195641,0.61993269397237,0.001059967567033665,1.2197802197802199,0,0,5.520140045894831,10.739240454183802,10.923255026881002,4.301358731606427,4.497584975308154,4.2049910823091645,1,Developed
Hungary,237.07,2024,25128.0,48178.0,2.2,3.99,6.0,125.75,115.63,63.9,31040.0,Hungarian forint (HUF),https://en.wikipedia.org/wiki/Economy_of_Hungary,5.345000000000003,79.94575223049205,0.5215658599360704,0.0013761467889908255,0.9195228628230616,0,0,5.472564748074418,10.131777836669867,10.782678520453256,4.842216642471293,4.759006530702958,10.34306419027306,3,Developed
Qatar,222.78,2024,72760.0,118760.0,2.0,2.7,6.0,128.709,26.69,44.5,66.02,Qatari riyal (QAR),https://en.wikipedia.org/wiki/Economy_of_Qatar,5.345000000000003,69.75446628961308,0.6126641966992253,0.001059967567033665,0.8899957933786953,0,0,5.410663426379575,11.194935376352896,11.684868349185795,4.865293479817042,3.3210713371828704,4.2049910823091645,1,Developed
Ukraine,205.74,2024,6261.0,20999.0,2.0,3.99,11.6,41.7,70.7,63.9,66.02,Ukrainian hryvnia,https://en.wikipedia.org/wiki/Economy_of_Ukraine,-4.572750000000001,54.63205988140372,0.33373301294282776,0.004476403638268489,1.6954436450839327,0,0,5.331461965140338,8.742254901886351,9.95227771670556,3.754198920234579,4.272490747605575,4.2049910823091645,0,Developing (Upper)
Nigeria,188.27,2024,1100.0,6790.0,3.1,3.99,22.6,42.4,52.0,38.3975,66.02,Nigerian naira (NGN),https://en.wikipedia.org/wiki/Economy_of_Nigeria,-4.572750000000001,50.14075529824189,0.33373301294282776,0.005390279823269515,1.2264150943396226,0,0,5.243174567050828,7.00397413672268,8.823353485113792,3.770459441106359,3.970291913552122,4.2049910823091645,0,Developing (Lower)
Morocco,165.84,2024,4400.0,11270.0,3.9,3.99,6.0,45.49,76.14,63.9,66.02,Moroccan dirham (MAD),https://en.wikipedia.org/wiki/Economy_of_Morocco,-4.572750000000001,73.34177520501687,0.3904170363797693,0.006184560780834073,1.673774455924379,0,0,5.117035269328745,8.38958706681109,9.329988334242078,3.8392372357024933,4.345621952780082,4.2049910823091645,0,Developing (Lower)
Kuwait,153.1,2024,32289.0,51200.0,3.3,3.0,6.0,95.476,63.43,49.15,13.74,Kuwaiti dinar (KWD),https://en.wikipedia.org/wiki/Economy_of_Kuwait,5.345000000000003,79.94575223049205,0.61993269397237,0.001059967567033665,0.8899957933786953,0,0,5.03760174232607,10.382512863752321,10.843514342086866,4.569294272749595,4.1655793631505516,2.6905648867611904,3,Developed
Slovakia,147.03,2024,27130.0,47430.0,2.0,3.9,5.8,107.43,107.358,48.0,45.2,Euro (EUR),https://en.wikipedia.org/wiki/Economy_of_Slovakia,0.07200000000000273,79.94575223049205,0.5720008433480919,0.001059967567033665,0.9993297961463278,1,0,4.997414955925401,10.208432264538738,10.767031302351667,4.68610480348409,4.685440560051361,3.832979798087693,1,Developed
Uzbekistan,132.48,2024,3.945,12596.0,4.0775,3.99,6.3,26.9,38.9,49.15,66.02,Sum (UZS),https://en.wikipedia.org/wiki/Economy_of_Uzbekistan,-4.572750000000001,49.66787439613527,0.33373301294282776,0.0039020323912353125,1.446096654275093,0,0,4.893951653883173,1.5983769650746755,9.441213969352303,3.32862668882732,3.686376323895818,4.2049910823091645,0,Developing (Lower)
Kenya,131.67,2024,2470.0,7530.0,4.0775,3.59,6.0,13.9,24.4,54.2,66.02,Kenyan shilling (KES),https://en.wikipedia.org/wiki/Economy_of_Kenya,-4.572750000000001,32.12459620397893,0.33373301294282776,0.007171712686024864,1.7553956834532372,0,0,4.887864841928826,7.81237820598861,8.926783114101351,2.7013612129514133,3.2347491740244907,4.2049910823091645,0,Developing (Lower)
Dominican Republic,127.83,2024,12452.0,30710.0,4.0775,3.59,6.0,11.0,20.0,38.3975,66.02,1 Dominican Peso,https://en.wikipedia.org/wiki/Economy_of_the_Dominican_Republic,-4.572750000000001,32.12459620397893,0.4054705307717356,0.0012276131553239987,1.8181818181818181,0,0,4.858493705803434,9.429716836721148,10.33237617558788,2.4849066497880004,3.044522437723423,4.2049910823091645,0,Developed
Ecuador,125.68,2024,6567.0,14485.0,3.1,3.59,6.0,19.3,19.3,44.6,66.02,United States dollar (USD),https://en.wikipedia.org/wiki/Economy_of_Ecuador,0.0,32.12459620397893,0.4533655505695547,0.003079047290300311,1.0,0,1,4.841664221670439,8.789964651132264,9.580937944755272,3.0106208860477417,3.0106208860477417,4.2049910823091645,0,Developing (Lower)
Puerto Rico,122.52,2024,38440.0,43820.0,3.1,3.59,5.5,73.17,43.32,51.6,66.02,United States dollar,https://en.wikipedia.org/wiki/Economy_of_Puerto_Rico,5.345000000000003,79.94575223049205,0.61993269397237,0.0011775445002282063,0.8899957933786953,0,0,4.816403086276466,10.556879877314014,10.68786843351892,4.306359755748467,3.7914360424390283,4.2049910823091645,3,Developed
Guatemala,121.18,2024,6700.0,15630.0,4.0775,3.59,6.0,11.12,17.11,38.3975,66.02,Quetzal (GTQ),https://en.wikipedia.org/wiki/Economy_of_Guatemala,-4.572750000000001,32.12459620397893,0.4286628278950736,0.0015802943058221368,1.5386690647482015,0,0,4.805495367221621,8.81001204797317,9.65701140089547,2.4948569806411682,2.896464271895322,4.2049910823091645,0,Developing (Upper)
Ethiopia,117.46,2024,1070.0,4400.0,4.0775,3.59,6.0,10.79,22.91,43.93,66.02,Birr (ETB),https://en.wikipedia.org/wiki/Economy_of_Ethiopia,-4.572750000000001,32.12459620397893,0.33373301294282776,0.007171712686024864,1.9412932251235007,0,0,4.774575350848819,6.976348070447749,8.38958706681109,2.4672517145492794,3.1742967814702334,4.2049910823091645,0,Least Developed
Bulgaria,117.01,2024,18520.0,41900.0,2.5,2.7,6.0,50.6,52.6,38.3975,42.0,Bulgarian lev (BGN),https://en.wikipedia.org/wiki/Economy_of_Bulgaria,-2.0,79.94575223049205,0.44200477326968973,0.001059967567033665,1.0395256916996047,0,0,4.770769366637658,9.826660502422802,10.643064971973882,3.9435216724875173,3.9815490680767565,3.7612001156935624,3,Developed
Angola,113.34,2024,2884.0,9800.0,2.8,3.99,14.62,36.961,23.676,63.9,66.02,Angolan kwanza (AOA),https://en.wikipedia.org/wiki/Economy_of_Angola,5.345000000000003,53.50008823010411,0.33373301294282776,0.0066326530612244895,0.8899957933786953,0,0,4.7391764658358255,7.9672801789422,9.19023970026918,3.6365593169142367,3.205831111347392,4.2049910823091645,3,Developing (Lower)
Venezuela,108.51,2024,4068.0,8397.0,4.0,3.99,6.0,32.08,9.1,38.9,66.02,Bolívar Digital (VES),https://en.wikipedia.org/wiki/Economy_of_Venezuela,5.345000000000003,37.950419316192054,0.4844587352625938,0.004632606883410742,0.8899957933786953,0,0,4.696015869287668,8.31115254800169,9.035748861244139,3.4989288701554906,2.312535423847214,4.2049910823091645,3,Developing (Lower)
Oman,104.35,2024,20248.0,41664.0,3.1,2.7,2.6,69.701,46.326,38.3975,66.02,Omani rial (OMR),https://en.wikipedia.org/wiki/Economy_of_Oman,5.345000000000003,79.94575223049205,0.48598310291858676,0.001059967567033665,0.8899957933786953,0,0,4.6572881402501976,9.915860688599269,10.637416726816307,4.258459717074068,3.8570598273528596,4.2049910823091645,3,Developed
Costa Rica,102.59,2024,19100.0,31461.0,3.4,2.7,6.9,33.68,28.41,63.9,66.02,Costa Rican colón (CRC),https://en.wikipedia.org/wiki/GDP_of_Costa_Rica,5.27,60.52246807681061,0.6071008550268586,0.0023235116493436317,0.8899957933786953,0,0,4.640440800070011,9.857495968685136,10.35653574738245,3.546163151912341,3.3813347525659037,4.2049910823091645,3,Developed
Croatia,98.95,2024,25674.0,51442.0,3.1,3.99,4.1,26.13,46.56,57.6,49.3,Euro (EUR),https://en.wikipedia.org/wiki/Economy_of_Croatia,-4.572750000000001,73.46134411318847,0.49908634967536253,0.0011197076318961161,1.7818599311136627,1,0,4.604670060946409,10.15327303479676,10.848229677584184,3.3006401266708405,3.861992071822581,3.9180050771056933,1,Developed
Luxembourg,96.61,2024,141080.0,154915.0,2.7,2.7,5.9,100.0,50.0,38.3975,20.0,Euro (EUR),https://en.wikipedia.org/wiki/Economy_of_Luxembourg,5.345000000000003,79.94575223049205,0.61993269397237,0.001059967567033665,0.8899957933786953,1,0,4.580979947186874,11.857089472501789,11.950638313517402,4.61512051684126,3.9318256327243257,3.044522437723423,1,Developed
Ivory Coast,94.48,2024,2900.0,8060.0,2.0,3.59,6.0,16.326,14.248,47.0,66.02,West African CFA franc (CFA),https://en.wikipedia.org/wiki/Economy_of_Ivory_Coast,2.078000000000001,32.36028789161727,0.3598014888337469,0.005831265508684864,0.8899957933786953,0,0,4.558916801470629,7.972810784121404,8.9947928972836,2.8522082634679484,2.724448346911846,4.2049910823091645,3,Developing (Lower)
Serbia,92.55,2024,14170.0,33110.0,3.5,3.99,9.2,31.584,42.425,47.7,66.02,Serbian dinar (RSD),https://en.wikipedia.org/wiki/Economy_of_Serbia,-4.572750000000001,79.94575223049205,0.4279673814557535,0.001440652370884929,1.3432434143870313,0,0,4.538496052720099,9.55895290182487,10.407620832440994,3.4838213703461114,3.7710353121271685,4.2049910823091645,3,Developed
Panama,91.68,2024,20090.0,42770.0,4.0,2.7,6.0,15.5,21.91,38.3975,66.02,Panamanian balboa (PAB),https://en.wikipedia.org/wiki/Economy_of_Panama,-4.572750000000001,40.80497382198952,0.469721767594108,0.001059967567033665,1.4135483870967742,0,0,4.529152699564175,9.90802723257816,10.663615581822071,2.803360380906535,3.1315734964654043,4.2049910823091645,3,Developed
Lithuania,89.19,2024,30510.0,56000.0,2.8,2.7,7.1,36.68,41.35,38.3975,27.56,Euro (EUR),https://en.wikipedia.org/wiki/Economy_of_Lithuania,-4.572750000000001,79.94575223049205,0.5448214285714286,0.001059967567033665,1.1273173391494002,1,0,4.501918556177617,10.32584255331256,10.933124826700707,3.629129449708162,3.7459684210980635,3.3520071374713836,1,Developed
Turkmenistan,89.05,2024,14434.0,20914.0,3.1,3.59,6.0,7.2,3.47,49.15,66.02,Turkmen manat (TMT),https://en.wikipedia.org/wiki/Economy_of_Turkmenistan,3.73,32.12459620397893,0.61993269397237,0.0023501004112078034,0.8899957933786953,0,0,4.500365071621965,9.577411092097035,9.948221883876299,2.1041341542702074,1.4973884086254776,4.2049910823091645,3,Developing (Upper)
Ghana,88.33,2024,2520.0,8420.0,4.0,3.99,6.0,14.1,11.07,49.15,66.02,Cedi (GHS),https://en.wikipedia.org/wiki/Economy_of_Ghana,3.0299999999999994,32.12459620397893,0.33373301294282776,0.00583729216152019,0.8899957933786953,0,0,4.492337377713747,7.83241092718792,9.038483865029992,2.714694743820879,2.4907230351094403,4.2049910823091645,0,Developing (Lower)
Tanzania,85.98,2024,1270.0,4330.0,3.1,3.59,6.0,5.668,10.441,38.3975,66.02,Tanzanian shilling,https://en.wikipedia.org/wiki/Economy_of_Tanzania,-4.572750000000001,32.12459620397893,0.33373301294282776,0.007171712686024864,1.8420959774170784,0,0,4.465678207169493,7.147559271189454,8.373553741214627,1.8973199648885475,2.4372033947188068,4.2049910823091645,0,Least Developed
Uruguay,79.73,2024,22690.0,37060.0,2.8,3.96,7.8,0.013,0.011,57.4,66.02,Uruguayan peso (UYU),https://en.wikipedia.org/wiki/Economy_of_Uruguay,0.002,32.12459620397893,0.6122504047490556,0.001548839719373988,0.8899957933786953,0,0,4.391110253406924,10.02972364908127,10.520320482745682,0.012916225266546327,0.010939940038334362,4.2049910823091645,3,Developed
DR Congo,79.12,2024,742.0,1880.0,4.0775,3.59,6.0,8.872,8.187,49.15,66.02,Congolese Franc (CDF),https://en.wikipedia.org/wiki/Economy_of_the_Democratic_Republic_of_the_Congo,0.6850000000000005,32.12459620397893,0.3946808510638298,0.007171712686024864,0.9227908025247971,0,0,4.383525510797617,6.610696044717759,7.53955882930103,2.289702467163032,2.2177894412893293,4.2049910823091645,0,Least Developed
Azerbaijan,78.87,2024,7600.0,26240.0,3.5,3.99,5.4,38.1,14.5,38.3975,66.02,Azerbaijani manat (AZN),https://en.wikipedia.org/wiki/Economy_of_Azerbaijan,5.345000000000003,66.69202485102068,0.33373301294282776,0.001059967567033665,0.8899957933786953,0,0,4.380400312929297,8.936035096566041,10.175078352087965,3.66612246699132,2.740840023925201,4.2049910823091645,3,Developing (Upper)
Slovenia,75.22,2024,36500.0,58150.0,2.6,2.7,6.0,66.61,74.99,63.9,38.86,Euro (EUR),https://en.wikipedia.org/wiki/Economy_of_Slovenia,-4.572750000000001,79.94575223049205,0.61993269397237,0.0012846087704213242,1.1258069358955112,1,0,4.333623895445714,10.505094936455558,10.970798354703502,4.213755901102586,4.330601752681694,3.685373314784649,1,Developed
Belarus,71.56,2024,8008.0,32.098,2.0,3.99,6.0,28.65,31.58,53.4,66.02,Belarusian ruble (BYN),https://en.wikipedia.org/wiki/Economy_of_Belarus,-2.9299999999999997,79.94575223049205,0.61993269397237,0.007171712686024864,1.1022687609075044,0,0,4.2844138058068815,8.988321188323683,3.4994728575967513,3.3894621254437345,3.4836986031738992,4.2049910823091645,3,Least Developed
Uganda,64.28,2024,1340.0,3900.0,4.0775,3.59,6.0,3.339,5.036,49.15,25.3,Ugandan shilling,https://en.wikipedia.org/wiki/Economy_of_Uganda,-1.6969999999999996,32.12459620397893,0.3435897435897436,0.007171712686024864,1.5082359988020364,0,0,4.178685710655851,7.201170883281678,8.268988209506656,1.4676439068162137,1.7977415409056023,3.269568939183719,0,Least Developed
Bolivia,56.34,2024,4530.0,11570.0,2.0,3.59,6.0,9.06,9.996,38.3975,66.02,Bolivian Boliviano (BOB),https://en.wikipedia.org/wiki/Economy_of_Bolivia,-0.9359999999999999,33.82321618743344,0.3915298184961106,0.0021175453759723424,1.1033112582781457,0,0,4.048998460455224,8.418697944667139,9.356257246876337,2.3085671646715933,2.3975315703029993,4.2049910823091645,3,Developing (Lower)
Tunisia,56.29,2024,4436.0,14724.0,3.1,3.59,6.0,19.06,21.57,63.9,66.02,Tunisian dinar (TND),https://en.wikipedia.org/wiki/Economy_of_Tunisia,-2.5100000000000016,72.17978326523361,0.33373301294282776,0.004774517794077696,1.1316894018887724,0,0,4.048126088420487,8.39773375137891,9.597302008519787,2.9987277825337895,3.1166215908294443,4.2049910823091645,3,Developing (Lower)
Jordan,56.1,2024,4900.0,11510.0,2.6,3.59,6.0,15.9,31.5,63.9,66.02,Jordanian dinar (JOD),https://en.wikipedia.org/wiki/Economy_of_Jordan,-4.572750000000001,79.94575223049205,0.4257167680278019,0.007171712686024864,1.9412932251235007,0,0,4.044804116661965,8.497194544909547,9.351058378915061,2.8273136219290276,3.481240089335692,4.2049910823091645,0,Developing (Lower)
Cameroon,56.01,2024,1870.0,5760.0,3.6,3.59,6.0,4.732,4.812,38.3975,66.02,CFA franc (CFA),https://en.wikipedia.org/wiki/Economy_of_Cameroon,-0.08000000000000007,32.12459620397893,0.33373301294282776,0.00640625,1.0169061707523246,0,0,4.043226691043491,7.534228326274089,8.658866349732383,1.7460645099659255,1.7599247457080365,4.2049910823091645,0,Developing (Lower)
Macau,53.35,2024,76314.0,134042.0,4.0775,2.7,6.0,1.45,11.55,38.3975,66.02,Macanese pataca (MOP),https://en.wikipedia.org/wiki/Economy_of_Macau,-4.572750000000001,32.12459620397893,0.5693290162784799,0.001059967567033665,1.9412932251235007,0,0,3.9954446135672184,11.242624790349222,11.80591592297948,0.8960880245566356,2.529720665577793,4.2049910823091645,1,Developed
Cambodia,49.8,2024,2870.0,8650.0,4.0,2.7,6.0,26.16,28.5,38.3975,66.02,Riel (KHR),https://en.wikipedia.org/wiki/Economy_of_Cambodia,-2.34,79.94575223049205,0.33373301294282776,0.00223121387283237,1.0894495412844036,0,0,3.927896354584436,7.962415680121064,9.065430200180375,3.3017453026904953,3.3843902633457743,4.2049910823091645,3,Developing (Lower)
Bahrain,47.83,2024,29035.0,65888.0,2.8,2.7,1.1,40.344,32.374,63.9,66.02,Bahraini dinar (BHD),https://en.wikipedia.org/wiki/Economy_of_Bahrain,5.345000000000003,79.94575223049205,0.440672049538611,0.0020337542496357457,0.8899957933786953,0,0,3.888344878073569,10.276291718404732,11.095726786982862,3.7219273081601365,3.507777153724711,4.2049910823091645,3,Developed
Libya,47.48,2024,6482.0,17800.0,4.0775,2.7,18.74,32.38,25.406,38.3975,66.02,Libyan dinar (LYD),https://en.wikipedia.org/wiki/Economy_of_Libya,5.345000000000003,79.94575223049205,0.3641573033707865,0.001059967567033665,0.8899957933786953,0,0,3.881151341761059,8.776938645174996,9.787009914477434,3.507956918233689,3.273591257057009,4.2049910823091645,3,Developing (Upper)
Nepal,46.08,2024,1460.0,5715.0,4.0,3.99,6.0,2.13,11.8,41.38,66.02,Nepalese rupee (NPR),https://en.wikipedia.org/wiki/Economy_of_Nepal,-4.572750000000001,32.12459620397893,0.33373301294282776,0.007171712686024864,1.9412932251235007,0,0,3.851848282392076,7.2868764117507,8.651024539049757,1.1410330045520618,2.5494451709255714,4.2049910823091645,0,Developing (Lower)
Latvia,45.54,2024,24222.0,43526.0,2.4,2.7,6.8,20.73,25.49,43.8,19.9,Euro (EUR),https://en.wikipedia.org/wiki/GDP_of_Latvia,-4.572750000000001,79.94575223049205,0.55649496852456,0.001059967567033665,1.2296189097925712,1,0,3.8403121578741457,10.095057874011232,10.681136714183795,3.078693794268338,3.2767673032839784,3.039749158970765,1,Developed
Paraguay,45.46,2024,6520.0,19570.0,3.8,3.59,6.0,11.73,11.35,38.3975,66.02,Paraguayan guaraní (PYG),https://en.wikipedia.org/wiki/Economy_of_Paraguay,0.3800000000000008,50.769907611086666,0.33373301294282776,0.001059967567033665,0.9676044330775788,0,0,3.838591727342263,8.782783017393202,9.88180415770497,2.543961412569315,2.513656063073986,4.2049910823091645,3,Developing (Upper)
Estonia,45.0,2024,31855.0,45122.0,2.2,2.7,6.0,18.2,21.2,38.3975,2.4,Euro (EUR),https://en.wikipedia.org/wiki/Economy_of_Estonia,-3.0,79.94575223049205,0.61993269397237,0.001059967567033665,1.164835164835165,1,0,3.828641396489095,10.368981026303977,10.717147373323323,2.954910279033736,3.100092288878234,1.2237754316221157,1,Developed
Cyprus,38.74,2024,41132.0,65088.0,2.5,2.7,4.8,5.16,14.8,63.9,21.83,Euro (EUR),https://en.wikipedia.org/wiki/Economy_of_Cyprus,-4.572750000000001,51.52297367062467,0.61993269397237,0.001059967567033665,1.9412932251235007,1,0,3.6823582371236707,10.624565998024766,11.083510843105353,1.8180767775454285,2.760009940032921,3.1280754605417043,1,Developed
Zimbabwe,38.17,2024,2200.0,5410.0,4.0775,3.99,6.0,6.59,8.68,58.47,66.02,Zimbabwe Gold,https://en.wikipedia.org/wiki/Economy_of_Zimbabwe,-2.09,40.005239717055275,0.4066543438077634,0.007171712686024864,1.3171471927162368,0,0,3.66791114767774,7.696667081526462,8.596189197642735,2.0268315914075385,2.2700619012884857,4.2049910823091645,0,Developing (Lower)
Honduras,38.17,2024,3520.0,7930.0,3.3,3.59,6.0,8.675,11.32,39.5,66.02,Honduran Lempira (HNL),https://en.wikipedia.org/wiki/Economy_of_Honduras,-2.6449999999999996,52.384071260151956,0.44388398486759145,0.00498108448928121,1.304899135446686,0,0,3.66791114767774,8.166500319155052,8.97853441008332,2.2695452389158457,2.511223958105374,4.2049910823091645,0,Developing (Lower)
El Salvador,36.75,2024,5893.0,13753.0,3.1,3.59,6.0,8.491,15.575,49.15,66.02,Bitcoin (XBT),https://en.wikipedia.org/wiki/Economy_of_El_Salvador,-4.572750000000001,65.48571428571428,0.4284883298189486,0.003573765723842071,1.8342951360263808,0,0,3.6309854756950335,8.68169016329764,9.529084969879781,2.250343981148355,2.807895536071926,4.2049910823091645,0,Developing (Lower)
Georgia,35.35,2024,9570.0,30750.0,4.0775,3.6,13.9,6.09,15.43,39.3,66.02,Georgian lari (GEL),https://en.wikipedia.org/wiki/Economy_of_Georgia_(country),-4.572750000000001,60.87694483734087,0.33373301294282776,0.0012780487804878048,1.9412932251235007,0,0,3.5931942039795284,9.166492972195906,10.333677793031093,1.958685340544036,2.799108932049177,4.2049910823091645,0,Developed
Iceland,35.31,2024,90110.0,80320.0,2.0,3.99,3.56,7.31,9.85,63.9,66.02,Icelandic króna (ISK),https://en.wikipedia.org/wiki/Economy_of_Iceland,-2.54,48.598130841121495,0.61993269397237,0.0011939741035856574,1.3474692202462382,0,0,3.5920931854262443,11.408797522714949,11.293786385047257,2.1174596088673567,2.3841650799864684,4.2049910823091645,1,Developed
Senegal,34.73,2024,1810.0,5500.0,4.0775,3.59,6.0,2.362,5.217,48.3,66.02,,https://en.wikipedia.org/wiki/Economy_of_Senegal,-2.8549999999999995,32.12459620397893,0.33373301294282776,0.007171712686024864,1.9412932251235007,0,0,3.5759906720353185,7.501634457883413,8.612685172875459,1.2125360349864238,1.8272874752872004,4.2049910823091645,0,Developing (Lower)
Haiti,33.55,2024,2670.0,3040.0,2.0,3.59,6.0,0.96,3.621,38.3975,66.02,Haitian gourde (HTG),https://en.wikipedia.org/wiki/Economy_of_Haiti,-2.661,32.12459620397893,0.61993269397237,0.007171712686024864,1.9412932251235007,0,0,3.542407550213679,7.890208213109961,8.019941687677365,0.6729444732424258,1.5306111318881295,4.2049910823091645,0,Least Developed
Papua New Guinea,32.84,2024,2565.0,3757.0,4.0775,3.59,6.0,11.0,4.25,38.3975,66.02,kina (PGK),https://en.wikipedia.org/wiki/Economy_of_Papua_New_Guinea,5.345000000000003,46.43727161997563,0.61993269397237,0.007171712686024864,0.8899957933786953,0,0,3.521643534738023,7.850103545175582,8.231642179973411,2.4849066497880004,1.6582280766035324,4.2049910823091645,3,Least Developed
Sudan,31.51,2024,624.0,2341.0,2.0,3.59,6.0,4.1,8.22,63.9,66.02,Sudanese pound (SDG),https://en.wikipedia.org/wiki/Economy_of_Sudan,-4.120000000000001,39.098698825769596,0.33373301294282776,0.007171712686024864,1.9412932251235007,0,0,3.4815477343158143,6.437751649736401,7.758760544157663,1.62924053973028,2.2213750375685026,4.2049910823091645,0,Least Developed
Zambia,28.91,2024,1330.0,4520.0,4.0775,3.99,5.9,11.197,11.194,49.15,17.0,Zambian kwacha (ZMW),https://en.wikipedia.org/wiki/Economy_of_Zambia,0.0029999999999983373,77.45070909719819,0.33373301294282776,0.007171712686024864,0.9997320710904708,0,0,3.398192872641857,7.193685818395112,8.416488487294606,2.501190019861101,2.5009440274856245,2.8903717578961645,3,Least Developed
Bosnia and Herzegovina,28.81,2024,9479.0,22610.0,3.0,3.59,11.7,8.9,11.37,38.3975,66.02,Bosnia and Herzegovina convertible mark (BAM),https://en.wikipedia.org/wiki/Economy_of_Bosnia_and_Herzegovina,-2.469999999999999,70.35751475182228,0.4192392746572313,0.001059967567033665,1.2775280898876402,0,0,3.39484390768998,9.156939595249067,10.026191792511579,2.2925347571405443,2.5152741864043966,4.2049910823091645,3,Developing (Upper)
Albania,28.37,2024,10530.0,23400.0,3.8,2.7,19.1,4.35,8.76,55.5,66.02,Lek (ALL),https://en.wikipedia.org/wiki/Economy_of_Albania,-4.41,46.210786041593224,0.45,0.002371794871794872,1.9412932251235007,0,0,3.379973745210529,9.262078567380597,10.060534035475412,1.6770965609079151,2.278292400425001,4.2049910823091645,0,Developing (Upper)
Burkina Faso,27.06,2024,1110.0,2980.0,4.0775,3.99,5.0,5.87,7.31,52.7,66.02,CFA Franc (CFA),https://en.wikipedia.org/wiki/Economy_of_Burkina_Faso,-1.4399999999999995,48.706577974870655,0.3724832214765101,0.007171712686024864,1.2453151618398637,0,0,3.3343450746743146,7.01301578963963,8.000014093678072,1.927164106234258,2.1174596088673567,4.2049910823091645,0,Least Developed
Trinidad and Tobago,26.47,2024,18440.0,36020.0,2.4,3.59,6.0,11.0,5.9,63.9,66.02,Trinidad and Tobago dollar (TTD),https://en.wikipedia.org/wiki/Economy_of_Trinidad_and_Tobago,5.1,63.84586324140537,0.5119378123264853,0.0025569128262076623,0.8899957933786953,0,0,3.3130945001071823,9.822331725575118,10.491857380698828,2.4849066497880004,1.9315214116032138,4.2049910823091645,3,Developed
Armenia,26.26,2024,8857.0,25060.0,4.0775,3.2,13.5,8.4,12.3,48.4,66.02,Armenian dram (AMD),https://en.wikipedia.org/wiki/Economy_of_Armenia,-3.9000000000000004,78.82711348057883,0.3534317637669593,0.001931364724660814,1.4642857142857144,0,0,3.3054204262683866,9.089076284483143,10.129068131883756,2.2407096892759584,2.5877640352277083,4.2049910823091645,3,Developing (Upper)
Guyana,25.82,2024,32330.0,94260.0,4.0775,3.99,6.0,5.721,6.661,44.0,66.02,Guyanese dollar (GYD),https://en.wikipedia.org/wiki/Economy_of_Guyana,-0.9399999999999995,47.955073586367156,0.34298748143433055,0.001059967567033665,1.164306939346268,0,0,3.2891478778535324,10.383781801264941,11.453822809375405,1.9052369529878288,2.036142523534684,4.2049910823091645,3,Developed
Mongolia,25.8,2024,7201.0,20448.0,4.0775,3.99,5.43,12.65,4.345,63.9,66.02,Mongolian tögrög (MNT),https://en.wikipedia.org/wiki/Economy_of_Mongolia,5.345000000000003,65.87209302325581,0.35216158059467917,0.007171712686024864,0.8899957933786953,0,0,3.288401887516811,8.882114044208821,9.925689260519814,2.613739521630969,1.6761615444770086,4.2049910823091645,3,Developing (Upper)
Malta,25.75,2024,41738.0,67682.0,4.0775,3.59,6.0,4.87,15.7,63.9,9767.0,Euro (EUR),https://en.wikipedia.org/wiki/Economy_of_Malta,-4.572750000000001,79.88349514563107,0.6166779941491091,0.007171712686024864,1.9412932251235007,1,0,3.2865344733420154,10.639191222509986,11.12259031953886,1.7698546338400052,2.8154087194227095,9.18686701579054,1,Developed
Mozambique,23.77,2024,663.0,1730.0,2.5,3.59,6.0,11.7,23.1,38.3975,66.02,Mozambican metical (MZN),https://en.wikipedia.org/wiki/Economy_of_Mozambique,-4.572750000000001,79.94575223049205,0.3832369942196532,0.007171712686024864,1.9412932251235007,0,0,3.209633243501268,6.498282149476434,7.456454555176209,2.5416019934645457,3.1822118404966093,4.2049910823091645,0,Least Developed
Benin,22.24,2024,1590.0,4740.0,3.1,3.59,6.0,1.974,2.787,54.6,66.02,West African CFA franc (CFA),https://en.wikipedia.org/wiki/Economy_of_Benin,-0.813,32.12459620397893,0.33544303797468356,0.007171712686024864,1.411854103343465,0,0,3.1458749319837103,7.372118028337787,8.464003362902119,1.0899078480379634,1.3315741489196578,4.2049910823091645,0,Least Developed
Niger,21.87,2024,751.0,2100.0,4.0775,3.99,0.55,1.376,2.194,49.15,66.02,West African CFA franc (CFA),https://en.wikipedia.org/wiki/Economy_of_Niger,-0.8180000000000001,32.12459620397893,0.3576190476190476,0.007171712686024864,1.5944767441860466,0,0,3.12982600803469,6.62273632394984,7.650168700845001,0.8654184015003984,1.1612740497928207,4.2049910823091645,0,Least Developed
Jamaica,21.41,2024,7487.0,12283.0,2.0,3.59,3.5,1.296,5.151,63.9,66.02,Jamaican dollar (JMD),https://en.wikipedia.org/wiki/Economy_of_Jamaica,-3.8549999999999995,32.12459620397893,0.6095416429211105,0.007171712686024864,1.9412932251235007,0,0,3.1095072878128356,8.921057018157429,9.416052881560713,0.83116847845732,1.8166146702262311,4.2049910823091645,0,Developing (Lower)
Nicaragua,21.16,2024,2599.0,7642.0,3.5,3.99,6.8,6.95,8.65,38.3975,66.02,Nicaraguan córdoba (NIO),https://en.wikipedia.org/wiki/Economy_of_Nicaragua,-1.7000000000000002,73.72400756143668,0.3400942161737765,0.004357498037163046,1.2446043165467626,0,0,3.098288861879083,7.8632667240095735,8.941545475242885,2.0731719286662407,2.2669579153508947,4.2049910823091645,3,Developing (Lower)
Gabon,20.39,2024,8840.0,24910.0,2.8,2.7,20.36,12.935,3.499,63.9,66.02,1 Central African CFA franc (CFA),https://en.wikipedia.org/wiki/Economy_of_Gabon,5.345000000000003,79.94575223049205,0.3548775592131674,0.0029425933360096345,0.8899957933786953,0,0,3.062923523094314,9.087155271405804,10.123064751970729,2.6344036609339114,1.5038551498590353,4.2049910823091645,3,Developing (Upper)
Kyrgyzstan,19.85,2024,2750.0,8780.0,4.0775,3.99,4.0,3.8,12.0,49.15,6.6,Kyrgyz som (KGS),https://en.wikipedia.org/wiki/Economy_of_Kyrgyzstan,-4.572750000000001,79.5969773299748,0.33373301294282776,0.005597949886104784,1.9412932251235007,0,0,3.0373539482448106,7.919719760924575,9.080345575359996,1.5686159179138452,2.5649493574615367,2.028148247292285,0,Developing (Lower)
Moldova,19.46,2024,3902.0,8916.0,4.0775,3.99,6.0,4.048,8.675,38.3975,82.74,Moldovan leu (MDL),https://en.wikipedia.org/wiki/Economy_of_Moldova,-4.572750000000001,65.38026721479959,0.4376401973979363,0.0033198743831314493,1.9412932251235007,0,0,3.0184717605234805,8.269500767180615,9.095714846134879,1.6189921252389121,2.2695452389158457,4.4277167605909975,0,Developing (Lower)
Botswana,19.4,2024,7020.0,19170.0,2.0,3.99,23.4,8.9,8.7,38.3975,66.02,Pula (BWP),https://en.wikipedia.org/wiki/Economy_of_Botswana,0.20000000000000107,79.94575223049205,0.36619718309859156,0.001059967567033665,0.9775280898876403,0,0,3.0155349008501706,8.85666093701725,9.861153999520049,2.2925347571405443,2.272125885509337,4.2049910823091645,3,Developing (Upper)
Chad,18.79,2024,991.0,2990.0,2.0,3.59,6.0,1.695,2.262,49.15,66.02,Central African CFA franc (CFA),https://en.wikipedia.org/wiki/Economy_of_Chad,-0.567,32.12459620397893,0.33373301294282776,0.007171712686024864,1.334513274336283,0,0,2.9851767596144745,6.899723107284872,8.003363058629947,0.9913982043609605,1.1823405041988222,4.2049910823091645,0,Least Developed
Madagascar,18.71,2024,594.0,2040.0,3.9,3.59,6.0,2.35,3.235,49.15,3.91,Malagasy ariary (MGA),https://en.wikipedia.org/wiki/Economy_of_Madagascar,-0.8849999999999998,32.12459620397893,0.33373301294282776,0.007171712686024864,1.376595744680851,0,0,2.9811261211646287,6.38856140554563,7.621195162809845,1.208960345836975,1.4433833281040176,1.5912739418064292,0,Least Developed
North Macedonia,17.89,2024,9567.0,27289.0,3.7,3.99,11.6,8.996,12.053,47.3,66.02,Macedonian denar (MKD),https://en.wikipedia.org/wiki/Economy_of_North_Macedonia,-3.0570000000000004,79.94575223049205,0.3505808201106673,0.0017332991315181941,1.3398176967541129,0,0,2.9386326815134183,9.166179476190413,10.214275613702384,2.302185012972706,2.569017992406653,4.2049910823091645,3,Developing (Upper)
Yemen,17.4,2024,628.0,2095.0,2.0,3.99,6.0,0.037,0.801,63.9,66.02,Yemeni rial (YER),https://en.wikipedia.org/wiki/Economy_of_Yemen,-0.764,32.12459620397893,0.33373301294282776,0.007171712686024864,1.9412932251235007,0,0,2.91235066461494,6.444131256700441,7.647786045440933,0.03633192924739028,0.588342066193819,4.2049910823091645,0,Least Developed
Laos,16.32,2024,2096.0,10125.0,3.1,3.99,6.0,3.654,4.976,63.6,66.02,Lao Kip (LAK),https://en.wikipedia.org/wiki/Economy_of_Laos,-1.322,52.8799019607843,0.33373301294282776,0.006281481481481482,1.3617952928297756,0,0,2.851861903134289,7.64826303090192,9.222861652529854,1.5377270648801,1.787751447830516,4.2049910823091645,0,Developing (Lower)
Brunei,16.01,2024,37020.0,95046.0,2.5,2.7,4.9,14.411,10.106,38.3975,66.02,Brunei dollar (BND),https://en.wikipedia.org/wiki/Economy_of_Brunei,4.305,79.94575223049205,0.38949561265071647,0.001059967567033665,0.8899957933786953,0,0,2.8338014064077703,10.519240598188375,11.46212678508286,2.7350815401532405,2.4074855028194153,4.2049910823091645,1,Developed
Mauritius,15.5,2024,12973.0,32094.0,4.0775,3.59,6.0,2.36,4.986,63.9,66.02,Mauritian rupee (MUR),https://en.wikipedia.org/wiki/Economy_of_Mauritius,-2.626,47.39354838709677,0.4042188571072475,0.0019941422072661556,1.9412932251235007,0,0,2.803360380906535,9.470702633773001,10.376455533745878,1.2119409739751128,1.7894234094305073,4.2049910823091645,0,Developed
Congo,15.28,2024,2384.0,6404.0,3.7,3.59,6.0,12.35,4.751,49.15,66.02,Central African CFA Franc (CFA),https://en.wikipedia.org/wiki/Economy_of_the_Republic_of_the_Congo,5.345000000000003,79.94575223049205,0.37226733291692693,0.007171712686024864,0.8899957933786953,0,0,2.7899373605743945,7.776954403322442,8.764834214330834,2.5915163848462583,1.749373752731617,4.2049910823091645,3,Developing (Lower)
Bahamas,15.18,2024,36780.0,38830.0,2.0,3.59,6.0,1.316,9.097,49.15,0.34,Bahamian dollar (BSD),https://en.wikipedia.org/wiki/Economy_of_The_Bahamas,-4.572750000000001,68.59683794466403,0.61993269397237,0.0012657738861704868,1.9412932251235007,0,0,2.7837759116303458,10.512736686478211,10.566974175677647,0.8398415597107488,2.312238350022184,0.29266961396282,1,Developed
Tajikistan,14.84,2024,1431.0,6048.0,3.1,3.59,6.0,1.753,5.182,49.15,2.2,Somoni (ISO),https://en.wikipedia.org/wiki/Economy_of_Tajikistan,-3.4290000000000003,46.73180592991914,0.33373301294282776,0.007171712686024864,1.9412932251235007,0,0,2.7625383863862796,7.266827347520591,8.707648248106914,1.0126912261604704,1.8216418437099247,1.1631508098056809,0,Developing (Lower)
Rwanda,14.77,2024,1040.0,4100.0,4.0775,3.99,15.3,3.509,5.783,63.9,66.02,Rwandan franc (RWF),https://en.wikipedia.org/wiki/Economy_of_Rwanda,-2.2740000000000005,62.911306702775896,0.33373301294282776,0.007171712686024864,1.6480478768880025,0,0,2.758109400974947,6.947937068614969,8.31898612539206,1.5060753994389473,1.9144194819639426,4.2049910823091645,0,Least Developed
Namibia,14.21,2024,4660.0,12370.0,3.8,3.99,6.0,5.5,7.3,62.5,66.02,Namibian dollar (NAD),https://en.wikipedia.org/wiki/Economy_of_Namibia,-1.7999999999999998,79.94575223049205,0.3767178658043654,0.0050525464834276475,1.3272727272727272,0,0,2.7219531062712017,8.446985296372741,9.423110302862831,1.8718021769015913,2.1162555148025524,4.2049910823091645,0,Developing (Lower)
Malawi,13.96,2024,580.0,1780.0,3.5,3.59,6.0,1.443,2.388,50.8,66.02,Malawian kwacha (MWK),https://en.wikipedia.org/wiki/Economy_of_Malawi,-0.9449999999999998,32.12459620397893,0.33373301294282776,0.007171712686024864,1.6548856548856548,0,0,2.7053799725463312,6.364750756851911,7.484930283289661,0.8932267922756034,1.2202397767898079,4.2049910823091645,0,Least Developed
Somalia,12.99,2024,818.0,1900.0,3.7,3.59,6.0,0.214,1.443,63.9,66.02,Somali shilling (SOS),https://en.wikipedia.org/wiki/Economy_of_Somalia,-1.229,32.12459620397893,0.4305263157894737,0.007171712686024864,1.9412932251235007,0,0,2.63834278867739,6.70808408385307,7.550135342488429,0.19392069263730652,0.8932267922756034,4.2049910823091645,0,Least Developed
Equatorial Guinea,12.68,2024,7750.0,20170.0,4.0775,2.7,8.7,6.2,4.297,49.15,4.5,Communauté Financière Africaine franc (XAF),https://en.wikipedia.org/wiki/Economy_of_Equatorial_Guinea,1.9030000000000005,79.94575223049205,0.38423401090728804,0.0024367873078829944,0.8899957933786953,0,0,2.615934912194404,8.955577146281511,9.912001208301334,1.9740810260220096,1.6671406225623895,1.7047480922384253,3,Developing (Upper)
Mauritania,11.47,2024,2475.0,7437.0,3.1,3.59,6.0,4.14,4.72,49.15,66.02,Ouguiya (MRU),https://en.wikipedia.org/wiki/Economy_of_Mauritania,-0.5800000000000001,77.24498692240627,0.33373301294282776,0.0066088476536237725,1.1400966183574879,0,0,2.523325759691945,7.814399633804487,8.914357274485015,1.6370530794670737,1.7439688053917064,4.2049910823091645,3,Developing (Lower)
Kosovo,11.27,2024,7150.0,20380.0,4.0,3.99,10.8,1.08,7.32,38.3975,1.94,Euro (EUR),https://en.wikipedia.org/wiki/Economy_of_Kosovo,-4.572750000000001,74.53416149068323,0.3508341511285574,0.001059967567033665,1.9412932251235007,1,0,2.50715725872282,8.875007486048396,9.922358373286379,0.7323678937132266,2.1186622548331173,1.0784095813505903,0,Developing (Upper)
Togo,10.02,2024,1051.0,3290.0,4.0775,3.59,6.0,1.002,2.009,49.15,0.39,West African CFA Franc (CFA),https://en.wikipedia.org/wiki/Economy_of_Togo,-1.007,32.12459620397893,0.33373301294282776,0.007171712686024864,1.9412932251235007,0,0,2.3997118037247684,6.9584483932976555,8.098946748943339,0.6941466808930289,1.1016077976479082,0.3293037471426004,0,Least Developed
Montenegro,8.56,2024,13510.0,33620.0,3.2,3.99,6.0,2.502,3.637,63.9,66.02,Euro (EUR),https://en.wikipedia.org/wiki/Economy_of_Montenegro,-1.1350000000000002,71.71728971962615,0.40184414039262345,0.0019559785841760857,1.453637090327738,1,0,2.25758772706331,9.51125944745996,10.422906150720138,1.25333423386366,1.5340676054093239,4.2049910823091645,3,Developed
Sierra Leone,8.39,2024,915.0,3550.0,4.0775,3.59,6.0,1.704,2.309,42.8,66.02,Sierra Leonean leone,https://en.wikipedia.org/wiki/Economy_of_Sierra_Leone,-0.6050000000000002,47.83075089392133,0.33373301294282776,0.007171712686024864,1.3550469483568077,0,0,2.2396452932201716,6.82001636467413,8.174984532943087,0.9947321581807177,1.1966460289394751,4.2049910823091645,0,Least Developed
Barbados,7.55,2024,25900.0,23270.0,3.0,3.59,6.0,0.485,1.52,63.9,66.02,Barbadian dollar (BBD),https://en.wikipedia.org/wiki/Economy_of_Barbados,-1.0350000000000001,32.12459620397893,0.61993269397237,0.0067597765363128495,1.9412932251235007,0,0,2.145931282948669,10.16203685698089,10.05496322915898,0.3954147722546629,0.9242589015233319,4.2049910823091645,0,Developing (Upper)
Maldives,7.48,2024,17287.0,34000.0,3.1,3.59,6.0,0.238,2.83,49.15,0.32,Maldivian rufiyaa (MVR),https://en.wikipedia.org/wiki/Economy_of_Maldives,-2.592,41.01604278074866,0.5084411764705883,0.0014455882352941176,1.9412932251235007,0,0,2.1377104498038118,9.757767898186723,10.434145214930487,0.21349717426240436,1.3428648031925547,0.2776317365982795,0,Developed
Burundi,6.74,2024,489.0,1020.0,2.0,3.99,90.0,0.208,1.26,49.15,66.02,Burundian franc (BIF),https://en.wikipedia.org/wiki/Economy_of_Burundi,-1.052,32.12459620397893,0.47941176470588237,0.007171712686024864,1.9412932251235007,0,0,2.046401687601636,6.194405391104672,6.928537818164665,0.1889660995126232,0.8153648132841945,4.2049910823091645,0,Least Developed
Fiji,6.26,2024,5868.0,11685.0,4.0775,3.59,6.0,0.815,2.116,48.9,66.02,Fijian Dollar (FJD),https://en.wikipedia.org/wiki/Economy_of_Fiji,-1.3010000000000002,46.82108626198083,0.5021822849807446,0.004184852374839538,1.9412932251235007,0,0,1.9823798288367047,8.677439540558334,9.366146823114383,0.596085467716814,1.136550128008502,4.2049910823091645,0,Developing (Lower)
Eswatini,5.48,2024,4610.0,13730.0,4.0775,3.59,6.0,2.049,2.076,49.15,0.7,Swazi lilangeni (SZL),https://en.wikipedia.org/wiki/Economy_of_Eswatini,-0.027000000000000135,75.27372262773721,0.33576110706482154,0.003579752367079388,1.013177159590044,0,0,1.8687205103641833,8.436200032206706,9.527411329321751,1.1148136680061178,1.1236300516433975,0.5306282510621704,3,Developing (Lower)
Liberia,5.17,2024,907.0,2010.0,4.0775,3.59,6.0,0.261,1.166,38.3975,66.02,Liberian dollar (LRD),https://en.wikipedia.org/wiki/Economy_of_Liberia,-0.9049999999999999,32.12459620397893,0.45124378109452734,0.007171712686024864,1.9412932251235007,0,0,1.8196988379172965,6.811244378601294,7.606387389772652,0.23190505698278252,0.7728821485787989,4.2049910823091645,0,Least Developed
Djibouti,4.59,2024,3.666,6.619,3.1,3.59,6.0,0.155,1.172,49.15,66.02,Djiboutian franc (DJF),https://en.wikipedia.org/wiki/Economy_of_Djibouti,-1.017,32.12459620397893,0.5538600997129476,0.007171712686024864,1.9412932251235007,0,0,1.7209792871670078,1.5403021735992384,2.030645127490873,0.14410034397375684,0.775648402071689,4.2049910823091645,0,Least Developed
Suriname,4.51,2024,6860.0,22440.0,3.2,3.59,6.0,2.51,1.84,49.15,66.02,Surinamese dollar (SRD),https://en.wikipedia.org/wiki/Economy_of_Suriname,0.6699999999999997,79.94575223049205,0.33373301294282776,0.002190285204991087,0.8899957933786953,0,0,1.706564623164823,8.833608482690892,10.018644921923576,1.2556160374777743,1.0438040521731147,4.2049910823091645,3,Developing (Upper)
Aruba,4.1,2024,41498.0,55056.0,3.1,3.59,6.0,0.313,1.528,49.15,0.53,Aruban florin (AWG),https://en.wikipedia.org/wiki/Economy_of_Aruba,-1.215,44.90243902439025,0.61993269397237,0.001059967567033665,1.9412932251235007,0,0,1.62924053973028,10.633424609542924,10.916124291196926,0.27231459532065916,0.927428476284611,0.4252677354043441,3,Developed
Andorra,4.04,2024,54280.0,64386.0,2.0,3.59,6.0,0.115,1.73,49.15,66.02,Euro (EUR),https://en.wikipedia.org/wiki/Economy_of_Andorra,-1.615,45.66831683168317,0.61993269397237,0.001059967567033665,1.9412932251235007,1,0,1.6174060820832772,10.901929536770998,11.07266702836126,0.10885440491208209,1.0043016091968684,4.2049910823091645,1,Developed
South Sudan,4.0,2024,252.0,716.0,2.0,3.99,6.0,1.13,3.795,62.7,66.02,South Sudanese pound (SSP),https://en.wikipedia.org/wiki/Economy_of_South_Sudan,-2.665,79.94575223049205,0.35195530726256985,0.007171712686024864,1.9412932251235007,0,0,1.6094379124341003,5.53338948872752,6.57507584059962,0.7561219797213337,1.5675737083354015,4.2049910823091645,0,Least Developed
Bhutan,3.42,2024,4300.0,17110.0,4.0775,3.59,6.0,0.345,1.12,63.9,66.02,ngultrum (BTN),https://en.wikipedia.org/wiki/Economy_of_Bhutan,-0.7750000000000001,42.83625730994152,0.33373301294282776,0.006212741087083576,1.9412932251235007,0,0,1.4861396960896067,8.366602832783736,9.747476810531971,0.2963940130538024,0.7514160886839212,4.2049910823091645,0,Developing (Upper)
Central African Republic,2.93,2024,531.0,1330.0,2.9,3.59,6.0,0.114,0.393,52.9,66.02,Central African CFA franc (CFA),https://en.wikipedia.org/wiki/Economy_of_the_Central_African_Republic,-0.279,32.12459620397893,0.39924812030075185,0.007171712686024864,1.9412932251235007,0,0,1.3686394258811698,6.2766434893416445,7.193685818395112,0.10795714150509228,0.3314596947976687,4.2049910823091645,0,Least Developed
Cape Verde,2.79,2024,5420.0,12250.0,4.0775,3.59,6.0,1.0,1.29,49.15,66.02,Cape Verdean escudo (CVE),https://en.wikipedia.org/wiki/Economy_of_Cape_Verde,-0.29000000000000004,79.94575223049205,0.4424489795918367,0.0040122448979591835,1.29,0,0,1.332366019094335,8.598035579260339,9.41336284529417,0.6931471805599453,0.8285518175661483,4.2049910823091645,3,Developing (Lower)
Gambia,2.77,2024,987.0,3690.0,4.0775,3.59,6.0,0.182,0.251,63.9,66.02,Dalasi (GMD),https://en.wikipedia.org/wiki/Economy_of_The_Gambia,-0.069,32.12459620397893,0.33373301294282776,0.007171712686024864,1.379120879120879,0,0,1.3270750014599193,6.895682697747868,8.213652703029998,0.16720791898390647,0.22394323148477407,4.2049910823091645,0,Least Developed
Saint Lucia,2.63,2024,12264.0,18435.0,2.2,3.59,6.0,0.185,0.6,49.15,66.02,East Caribbean dollar (XCD),https://en.wikipedia.org/wiki/Economy_of_Saint_Lucia,-0.415,32.12459620397893,0.61993269397237,0.002666124220233252,1.9412932251235007,0,0,1.2892326482767593,9.41450495669259,9.8220605538404,0.1697427745870945,0.4700036292457356,4.2049910823091645,0,Developing (Upper)
Lesotho,2.4,2024,1100.0,3380.0,2.0,3.59,6.0,0.001,0.002,38.3975,0.65,Lesotho loti,https://en.wikipedia.org/wiki/Economy_of_Lesotho,-0.001,32.12459620397893,0.33373301294282776,0.007171712686024864,1.9412932251235007,0,0,1.2237754316221157,7.00397413672268,8.125926802707886,0.0009995003330835331,0.001998002662673056,0.5007752879124893,0,Least Developed
Guinea-Bissau,2.27,2024,1130.0,3280.0,4.0775,3.59,6.0,0.188,0.383,49.15,66.02,CFA franc (CFA),https://en.wikipedia.org/wiki/Economy_of_Guinea-Bissau,-0.195,32.12459620397893,0.3445121951219512,0.007171712686024864,1.9412932251235007,0,0,1.184789984909162,7.030857476116121,8.0959035329611,0.1722712209404532,0.32425505268262117,4.2049910823091645,0,Least Developed
Seychelles,2.2,2024,21630.0,42010.0,3.5,3.59,6.0,0.565,1.155,63.6,66.02,Seychellois rupee (SCR),https://en.wikipedia.org/wiki/Economy_of_Seychelles,-0.5900000000000001,78.18181818181817,0.5148774101404427,0.0015139252558914545,1.9412932251235007,0,0,1.1631508098056809,9.981882749963502,10.645686767736345,0.4478858239921165,0.7677907235557111,4.2049910823091645,3,Developed
Timor-Leste,2.12,2024,1490.0,4920.0,3.4,3.59,6.0,0.06,0.85,49.15,66.02,US dollar (USD),https://en.wikipedia.org/wiki/Economy_of_Timor-Leste,-0.79,42.92452830188679,0.33373301294282776,0.007171712686024864,1.9412932251235007,0,0,1.1378330018213911,7.307202314764738,8.501267040865978,0.05826890812397577,0.6151856390902334,4.2049910823091645,0,Least Developed
San Marino,2.05,2024,61520.0,82589.0,2.0,3.59,6.0,0.002,0.001,38.3975,66.02,Euro (EUR),https://en.wikipedia.org/wiki/Economy_of_San_Marino,0.001,32.12459620397893,0.61993269397237,0.001059967567033665,0.8899957933786953,1,0,1.1151415906193203,11.027133858923879,11.321643886804763,0.001998002662673056,0.0009995003330835331,4.2049910823091645,1,Developed
Comoros,1.55,2024,1700.0,4020.0,3.8,3.59,6.0,0.02,0.208,49.15,66.02,Comorian franc,https://en.wikipedia.org/wiki/Economy_of_the_Comoros,-0.188,32.12459620397893,0.4228855721393035,0.007171712686024864,1.9412932251235007,0,0,0.9360933591703349,7.438971592395862,8.299285906897275,0.019802627296179712,0.1889660995126232,4.2049910823091645,0,Least Developed
Grenada,1.46,2024,10939.0,15996.0,3.1,3.59,6.0,0.044,0.31,49.15,0.54,East Caribbean dollar (XCD),https://en.wikipedia.org/wiki/Economy_of_Grenada,-0.266,32.12459620397893,0.61993269397237,0.0030726431607901975,1.9412932251235007,0,0,0.9001613499442714,9.300181075975972,9.680156483641596,0.04305948946044697,0.27002713721306015,0.43178241642553783,0,Developing (Upper)
Saint Vincent and the Grenadines,1.24,2024,9360.0,11970.0,3.1,3.59,6.0,0.068,0.366,49.15,0.25,Eastern Caribbean dollar,https://en.wikipedia.org/wiki/Economy_of_Saint_Vincent_and_the_Grenadines,-0.298,35.0,0.61993269397237,0.00410609857978279,1.9412932251235007,0,0,0.8064758658669484,9.144307401371744,9.39024233725137,0.0657877405380031,0.31188676114859837,0.22314355131420976,0,Developing (Lower)
Saint Kitts and Nevis,1.13,2024,17513.0,29323.0,3.1,3.59,6.0,0.61,0.59,49.15,66.02,East Caribbean dollar (XCD),https://en.wikipedia.org/wiki/Economy_of_Saint_Kitts_and_Nevis,0.020000000000000018,79.94575223049205,0.5972444838522661,0.0016761586467960304,0.9672131147540983,0,0,0.7561219797213337,9.77075584008217,10.286161572343477,0.4762341789963716,0.4637340162321401,4.2049910823091645,3,Developing (Upper)
São Tomé and Príncipe,0.86,2024,3570.0,6420.0,3.8,3.59,6.0,0.012,0.122,63.9,66.02,São Tomé and Príncipe Dobra (STN),https://en.wikipedia.org/wiki/Economy_of_S%C3%A3o_Tom%C3%A9_and_Pr%C3%ADncipe,-0.11,32.12459620397893,0.5560747663551402,0.007171712686024864,1.9412932251235007,0,0,0.6205764877251099,8.18060094759445,8.76732914779405,0.011928570865273802,0.11511280710050457,4.2049910823091645,0,Developing (Lower)
Dominica,0.74,2024,9870.0,19580.0,4.0775,3.59,6.0,0.16,0.43,49.15,66.02,East Caribbean Dollar,https://en.wikipedia.org/wiki/Economy_of_Dominica,-0.27,79.72972972972973,0.5040858018386108,0.002510214504596527,1.9412932251235007,0,0,0.5538851132264376,9.197356444417888,9.882314987303326,0.1484200051182733,0.35767444427181594,4.2049910823091645,3,Developing (Upper)
Tonga,0.57,2024,4858.0,6148.0,3.1,3.59,6.0,0.062,0.092,49.15,0.05,pa'anga,https://en.wikipedia.org/wiki/Economy_of_Tonga,-0.03,32.12459620397893,0.61993269397237,0.007171712686024864,1.4838709677419355,0,0,0.4510756193602166,8.488587934405903,8.724044745953469,0.06015392281974709,0.0880108773227133,0.048790164169432,0,Developing (Lower)
Micronesia,0.5,2024,3634.0,3454.0,3.1,3.59,6.0,0.04,0.168,38.3975,66.02,United States dollar,https://en.wikipedia.org/wiki/Economy_of_the_Federated_States_of_Micronesia,-0.128,41.6,0.61993269397237,0.007093225246091488,1.9412932251235007,0,0,0.4054651081081644,8.19836438996762,8.14757773620177,0.039220713153281295,0.15529288440603534,4.2049910823091645,0,Least Developed
Kiribati,0.31,2024,1641.0,2087.0,3.1,3.59,6.0,0.011,0.202,49.15,66.02,Australian dollar (AUD),https://en.wikipedia.org/wiki/Economy_of_Kiribati,-0.191,68.70967741935485,0.61993269397237,0.007171712686024864,1.9412932251235007,0,0,0.27002713721306015,7.403670290012373,7.643961949002529,0.010939940038334362,0.18398683611301586,4.2049910823091645,0,Least Developed
Nauru,0.17,2024,12730.0,11150.0,2.0,3.59,6.0,0.135,0.065,62.0,66.02,Australian dollar (AUD),https://en.wikipedia.org/wiki/Economy_of_Nauru,0.07,79.94575223049205,0.61993269397237,0.005560538116591928,0.8899957933786953,0,0,0.15700374880966478,9.451795243061646,9.319284458965361,0.126632650933366,0.06297479916138844,4.2049910823091645,3,Developing (Lower)
